Sampling Type,Coreset Size,Average Cost,Reduction in Data Size,Error,Avg Rand Index,Data,Optimal Cost,Avg Time,Num Iterations Volume Sampling,Clustering Algorithm
Volume Sampling,474,115049162317.53174,95.26,463.8487721102157,0.9635193239323931,KDD,20404258731.815247,0.2116116046905517,1.0,KMeans++
Volume Sampling,475,132684756978.11543,95.25,550.2797221014814,0.9665132313231322,KDD,20404258731.815247,0.2210847854614258,2.0,KMeans++
Volume Sampling,478,175577680580.89944,95.22,760.4952666431873,0.9530547694769478,KDD,20404258731.815247,0.2557154178619384,5.0,KMeans++
Volume Sampling,926,57924391961.95992,90.74,183.88383387651115,0.9724184458445844,KDD,20404258731.815247,0.2653029918670654,1.0,KMeans++
Volume Sampling,906,86459824239.21501,90.94,323.7342085081627,0.9665808820882088,KDD,20404258731.815247,0.2981869697570801,2.0,KMeans++
Volume Sampling,912,77805507878.84888,90.88,281.3199435543865,0.968966412641264,KDD,20404258731.815247,0.4190839767456055,5.0,KMeans++
Volume Sampling,1690,72174996905.47708,83.1,253.72516029184905,0.9695660766076608,KDD,20404258731.815247,0.4895703792572021,1.0,KMeans++
Volume Sampling,1703,42269105188.3319,82.97,107.15824938263498,0.9729319731973196,KDD,20404258731.815247,0.5559346199035644,2.0,KMeans++
Volume Sampling,1687,65316275496.49727,83.13000000000001,220.11099425363184,0.9692810761076108,KDD,20404258731.815247,0.775477409362793,5.0,KMeans++
Volume Sampling,3374,41044251400.331375,66.25999999999999,101.15531732761904,0.9739625482548256,KDD,20404258731.815247,1.1683735847473145,1.0,KMeans++
Volume Sampling,3384,30516197827.70003,66.16,49.557983109270175,0.9746682908290828,KDD,20404258731.815247,1.640120792388916,2.0,KMeans++
Volume Sampling,3379,41348031938.81918,66.21000000000001,102.6441268084268,0.9754094649464946,KDD,20404258731.815247,2.711920404434204,5.0,KMeans++
Volume Sampling,4133,37050184062.67229,58.67,81.58064230435363,0.9753622642264226,KDD,20404258731.815247,1.7801756381988525,1.0,KMeans++
Volume Sampling,4141,35603184362.42549,58.59,74.48898698246454,0.9752883448344832,KDD,20404258731.815247,2.2145214080810547,2.0,KMeans++
Volume Sampling,4101,30044947527.632465,58.99,47.24841476737902,0.9759107790779078,KDD,20404258731.815247,3.837524557113648,5.0,KMeans++
Volume Sampling,4931,33227339004.02456,50.690000000000005,62.84511699616407,0.9754938893889388,KDD,20404258731.815247,2.2225533962249755,1.0,KMeans++
Volume Sampling,4899,30839248696.33276,51.01,51.14123527676504,0.9738117171717172,KDD,20404258731.815247,3.212129783630372,2.0,KMeans++
Volume Sampling,4977,34911335023.67448,50.23,71.09827650459626,0.9747054745474548,KDD,20404258731.815247,5.76660418510437,5.0,KMeans++
Volume Sampling,6297,24020719899.17458,37.03,17.724050723393262,0.9750443244324434,KDD,20404258731.815247,3.585197353363037,1.0,KMeans++
Volume Sampling,6234,24518088056.54506,37.66,20.16162105568356,0.975153711371137,KDD,20404258731.815247,5.201715755462646,2.0,KMeans++
Volume Sampling,6241,23503204637.235085,37.59,15.187740687623318,0.9779374497449744,KDD,20404258731.815247,9.358303785324097,5.0,KMeans++
Volume Sampling,585,1086063.7044190238,94.15,9.083522247462373,1.0,Synthetic,995625.8122608332,0.2044596195220947,1.0,KMeans++
Volume Sampling,583,1086425.863576827,94.17,9.119897274439715,1.0,Synthetic,995625.8122608332,0.2248826026916504,2.0,KMeans++
Volume Sampling,583,1086579.6734304728,94.17,9.1353458347072,1.0,Synthetic,995625.8122608332,0.3254149913787841,5.0,KMeans++
Volume Sampling,950,1046270.0374885068,90.5,5.086672583615775,1.0,Synthetic,995625.8122608332,0.255472183227539,1.0,KMeans++
Volume Sampling,947,1047319.3757430756,90.53,5.19206742589955,1.0,Synthetic,995625.8122608332,0.3055903434753418,2.0,KMeans++
Volume Sampling,954,1047053.1485168748,90.46,5.165327738868302,1.0,Synthetic,995625.8122608332,0.443297815322876,5.0,KMeans++
Volume Sampling,1828,1018779.3475008084,81.72,2.3255258104848826,1.0,Synthetic,995625.8122608332,0.7056772232055664,1.0,KMeans++
Volume Sampling,1820,1019383.0091435668,81.8,2.386157187787908,1.0,Synthetic,995625.8122608332,0.6864163875579834,2.0,KMeans++
Volume Sampling,1810,1019140.6547117851,81.89999999999999,2.361815268484788,1.0,Synthetic,995625.8122608332,1.500471591949463,5.0,KMeans++
Volume Sampling,3917,1003467.9818932128,60.83,0.7876623462153852,1.0,Synthetic,995625.8122608332,1.7948278427124025,1.0,KMeans++
Volume Sampling,3916,1003515.7022405418,60.84,0.7924553464310667,1.0,Synthetic,995625.8122608332,2.2122967720031737,2.0,KMeans++
Volume Sampling,3911,1003614.4269440088,60.89,0.8023711905414966,1.0,Synthetic,995625.8122608332,5.713038778305053,5.0,KMeans++
Volume Sampling,5043,1000637.1187528424,49.57,0.5033323192605793,1.0,Synthetic,995625.8122608332,3.359909629821777,1.0,KMeans++
Volume Sampling,4979,1000689.252195122,50.21,0.5085685678227927,1.0,Synthetic,995625.8122608332,3.7369103908538817,2.0,KMeans++
Volume Sampling,5012,1000685.7441012636,49.88,0.5082162171891224,1.0,Synthetic,995625.8122608332,6.475804615020752,5.0,KMeans++
Volume Sampling,6356,998561.8494835462,36.44,0.2948936424263713,1.0,Synthetic,995625.8122608332,4.199007797241211,1.0,KMeans++
Volume Sampling,6292,998641.8386957252,37.08,0.3029277061472807,1.0,Synthetic,995625.8122608332,5.153819990158081,2.0,KMeans++
Volume Sampling,6312,998567.9448802196,36.88,0.2955058600485185,1.0,Synthetic,995625.8122608332,10.487507772445678,5.0,KMeans++
Volume Sampling,8658,996410.1453624306,13.420000000000002,0.0787778994817803,1.0,Synthetic,995625.8122608332,6.728906393051148,1.0,KMeans++
Volume Sampling,8602,996444.0099308292,13.98,0.0821792343991409,1.0,Synthetic,995625.8122608332,10.2004506111145,2.0,KMeans++
Volume Sampling,8646,996437.306873164,13.54,0.0815059837076832,1.0,Synthetic,995625.8122608332,22.472073221206664,5.0,KMeans++
Lightweight Coresets,100,69723939321.55692,99.0,241.712679877168,0.9773660486048604,KDD,20404258731.815243,0.135645580291748,,KMeans++
Lightweight Coresets,500,40151671061.45024,95.0,96.780836732108,0.9821145794579458,KDD,20404258731.815243,0.1555567264556884,,KMeans++
Lightweight Coresets,1000,43677926469.435135,90.0,114.06279465242488,0.9841466626662668,KDD,20404258731.815243,0.1886443614959717,,KMeans++
Lightweight Coresets,1500,44149124350.189705,85.0,116.37210609053096,0.9816078447844784,KDD,20404258731.815243,0.2282060146331787,,KMeans++
Lightweight Coresets,3500,28974245936.447784,65.0,42.000973018783725,0.9853372577257726,KDD,20404258731.815243,0.364208984375,,KMeans++
Lightweight Coresets,5000,25006092462.81034,50.0,22.55330022756333,0.9885285528552856,KDD,20404258731.815243,0.4766801834106445,,KMeans++
Lightweight Coresets,7000,22756204275.40076,30.0,11.526738483855093,0.9875655525552556,KDD,20404258731.815243,0.603505802154541,,KMeans++
Lightweight Coresets,10000,22299681484.25997,0.0,9.289348745070066,0.9868146614661466,KDD,20404258731.815243,0.7436994075775146,,KMeans++
Lightweight Coresets,100,7483374.619859976,99.0,651.6252117717783,0.9950955135513552,Synthetic,995625.8122608332,0.1406777858734131,,KMeans++
Lightweight Coresets,500,1108427.9183005665,95.0,11.329769141238524,1.0,Synthetic,995625.8122608332,0.1489040374755859,,KMeans++
Lightweight Coresets,1000,1047152.8040605362,90.0,5.175337075953991,1.0,Synthetic,995625.8122608332,0.1692872047424316,,KMeans++
Lightweight Coresets,1500,1028770.3941217292,85.0,3.3290199443134543,1.0,Synthetic,995625.8122608332,0.1831200122833252,,KMeans++
Lightweight Coresets,3500,1010199.4433846908,65.0,1.4637658992352025,1.0,Synthetic,995625.8122608332,0.2961825847625732,,KMeans++
Lightweight Coresets,5000,1005829.3018025304,50.0,1.024831760692036,1.0,Synthetic,995625.8122608332,0.3526358127593994,,KMeans++
Lightweight Coresets,7000,1002798.3412863464,30.0,0.7204040852683361,1.0,Synthetic,995625.8122608332,0.4329588413238525,,KMeans++
Lightweight Coresets,10000,1000691.963467648,0.0,0.5088408862472897,1.0,Synthetic,995625.8122608332,0.5315343856811523,,KMeans++
Lightweight Coresets,100,2158636.326811089,99.83333333333331,13.216054894732093,0.926260294449352,FMNIST,1906652.134114885,0.7076163768768311,,KMeans++
Lightweight Coresets,500,1964584.322251501,99.16666666666669,3.038424634471121,0.9439008477919076,FMNIST,1906652.134114885,0.8357719898223877,,KMeans++
Lightweight Coresets,1000,1952921.3907622057,98.33333333333331,2.426727761160272,0.9322383896398272,FMNIST,1906652.134114885,0.8374724388122559,,KMeans++
Lightweight Coresets,1500,1931496.0114187903,97.5,1.3030104894010182,0.9453711291854864,FMNIST,1906652.134114885,1.0833116054534913,,KMeans++
Lightweight Coresets,3500,1919632.3460532937,94.16666666666669,0.6807855353454082,0.9642496271604528,FMNIST,1906652.134114885,1.4707108020782471,,KMeans++
Lightweight Coresets,5000,1914711.7606993988,91.66666666666666,0.4227109098878852,0.9812619324766524,FMNIST,1906652.134114885,2.0055915832519533,,KMeans++
Lightweight Coresets,7000,1916026.3616180536,88.33333333333333,0.4916590360370383,0.9721773621782586,FMNIST,1906652.134114885,2.750548219680786,,KMeans++
Lightweight Coresets,10000,1912398.213069365,83.33333333333334,0.3013700743658392,0.9794751572526208,FMNIST,1906652.134114885,6.492138814926148,,KMeans++
Lightweight Coresets,20000,1908022.8373943928,66.66666666666666,0.0718905800896865,0.9917007789018706,FMNIST,1906652.134114885,6.524268770217896,,KMeans++
Volume Sampling,497,2046263.2866334,99.17166666666668,7.322319054457524,0.9068234606132324,FMNIST,1906652.134114885,2.6728442192077635,1.0,KMeans++
Volume Sampling,498,2036665.164459478,99.17,6.818917201430054,0.9150762597154396,FMNIST,1906652.134114885,4.055005836486816,2.0,KMeans++
Volume Sampling,498,2040179.9580221337,99.17,7.00326092621167,0.912813517558626,FMNIST,1906652.134114885,8.404268884658814,5.0,KMeans++
Volume Sampling,986,2008488.9194627288,98.35666666666668,5.3411308505481205,0.90770152513653,FMNIST,1906652.134114885,4.391621446609497,1.0,KMeans++
Volume Sampling,992,2037309.900189109,98.34666666666666,6.85273227016205,0.90717474246793,FMNIST,1906652.134114885,7.58743200302124,2.0,KMeans++
Volume Sampling,981,2020026.7883265447,98.365,5.946268445255299,0.9157538102301706,FMNIST,1906652.134114885,13.283550119400024,5.0,KMeans++
Volume Sampling,1964,1989552.765843037,96.72666666666667,4.347968370572042,0.9223210290171504,FMNIST,1906652.134114885,8.296070194244384,1.0,KMeans++
Volume Sampling,1963,1988562.546251877,96.72833333333334,4.296033380783265,0.9180888689255932,FMNIST,1906652.134114885,12.80587658882141,2.0,KMeans++
Volume Sampling,1952,1988541.3474777169,96.74666666666668,4.294921548489329,0.9202575550703622,FMNIST,1906652.134114885,27.63231015205384,5.0,KMeans++
Volume Sampling,4724,1983772.4398092849,92.12666666666668,4.044802107029387,0.9168855437590628,FMNIST,1906652.134114885,21.819176626205444,1.0,KMeans++
Volume Sampling,4710,1979695.517790136,92.15,3.830975895829,0.9132932269982276,FMNIST,1906652.134114885,32.713941955566405,2.0,KMeans++
Volume Sampling,4743,1971594.188501458,92.095,3.406077764506364,0.9246185359755996,FMNIST,1906652.134114885,75.42667117118836,5.0,KMeans++
Volume Sampling,6463,1994798.471933995,89.22833333333332,4.623094912907624,0.9069407487902575,FMNIST,1906652.134114885,40.40743880271911,1.0,KMeans++
Volume Sampling,6445,1981917.7928710333,89.25833333333333,3.9475296730564304,0.9165902910604066,FMNIST,1906652.134114885,55.21407279968262,2.0,KMeans++
Volume Sampling,6516,1972790.472744781,89.14,3.468820423322742,0.9215361348244692,FMNIST,1906652.134114885,104.76954717636109,5.0,KMeans++
Volume Sampling,8975,1977088.9026022088,85.04166666666667,3.694264267038007,0.918755295477147,FMNIST,1906652.134114885,45.731683778762815,1.0,KMeans++
Volume Sampling,8940,1973632.492774416,85.1,3.5129826495919856,0.9175023734840024,FMNIST,1906652.134114885,65.62784242630005,2.0,KMeans++
Volume Sampling,9005,1967825.348408909,84.99166666666666,3.2084098194672603,0.922371665416646,FMNIST,1906652.134114885,127.52752103805544,5.0,KMeans++
Volume Sampling,16210,1967260.294898364,72.98333333333333,3.178773919953405,0.9197822913715228,FMNIST,1906652.134114885,112.5507942199707,1.0,KMeans++
Volume Sampling,16251,1960580.32438216,72.91499999999999,2.8284231455943685,0.9231943466835558,FMNIST,1906652.134114885,155.84104018211366,2.0,KMeans++
Volume Sampling,16337,1959916.3815018693,72.77166666666666,2.793600701142652,0.9278275895709374,FMNIST,1906652.134114885,334.43378443717955,5.0,KMeans++
Lightweight Coresets,10,2009795555.952,97.5,80.42936621645033,0.7994461152882205,Face,1113896034.828925,0.2757021427154541,,KMeans++
Lightweight Coresets,20,1605441026.7355871,95.0,44.12844435541557,0.7668822055137845,Face,1113896034.828925,0.083245849609375,,KMeans++
Lightweight Coresets,50,1357196663.4430697,87.5,21.842310324007176,0.8426967418546365,Face,1113896034.828925,0.0785756111145019,,KMeans++
Lightweight Coresets,70,1292995382.331276,82.5,16.078641264744054,0.8492681704260651,Face,1113896034.828925,0.0875606060028076,,KMeans++
Lightweight Coresets,100,1266100586.5777614,75.0,13.664161375007748,0.8454837092731831,Face,1113896034.828925,0.1031529903411865,,KMeans++
Volume Sampling,20,1615423563.5587225,95.0,45.02462645060261,0.8119573934837092,Face,1113896034.828925,0.4701531410217285,1.0,KMeans++
Volume Sampling,19,1648375521.848556,95.25,47.98288801716745,0.7787042606516291,Face,1113896034.828925,0.7301490306854248,2.0,KMeans++
Volume Sampling,18,1624990250.359612,95.5,45.88347561621248,0.804451127819549,Face,1113896034.828925,1.5397262573242188,5.0,KMeans++
Volume Sampling,48,1339718640.9521785,88.0,20.27322111420716,0.8280827067669174,Face,1113896034.828925,0.7793797969818115,1.0,KMeans++
Volume Sampling,47,1373608420.176401,88.25,23.31567554124237,0.8386040100250627,Face,1113896034.828925,1.18091139793396,2.0,KMeans++
Volume Sampling,48,1364844156.4730122,88.0,22.528863897305182,0.8494385964912281,Face,1113896034.828925,2.592914009094238,5.0,KMeans++
Volume Sampling,69,1297559396.0309532,82.75,16.48837552691675,0.8508972431077695,Face,1113896034.828925,1.0725330352783202,1.0,KMeans++
Volume Sampling,65,1301278349.5051556,83.75,16.822244519885523,0.8474385964912281,Face,1113896034.828925,1.5579315662384032,2.0,KMeans++
Volume Sampling,63,1280959331.055585,84.25,14.99810494004659,0.8547443609022556,Face,1113896034.828925,3.296537399291992,5.0,KMeans++
Volume Sampling,88,1243534579.2113123,78.0,11.638298398494443,0.8586340852130325,Face,1113896034.828925,1.3545817375183105,1.0,KMeans++
Volume Sampling,92,1239712453.164513,77.0,11.29516708935154,0.8745889724310777,Face,1113896034.828925,2.04227557182312,2.0,KMeans++
Volume Sampling,90,1245998472.1096282,77.5,11.859494346884198,0.8693182957393484,Face,1113896034.828925,4.264247226715088,5.0,KMeans++
Volume Sampling (Weighted),573,136788183566.13516,94.27,570.3903599930774,0.961216817681768,KDD,20404258731.815247,0.2753209590911865,1.0,KMeans++
Volume Sampling (Weighted),568,145737304884.94446,94.32,614.2494456694192,0.9627214641464146,KDD,20404258731.815247,0.2553526401519775,2.0,KMeans++
Volume Sampling (Weighted),577,142670709833.888,94.23,599.2202545022101,0.9579088668866887,KDD,20404258731.815247,0.3103390216827392,5.0,KMeans++
Volume Sampling (Weighted),913,58752521990.21061,90.87,187.94244751759103,0.972586606660666,KDD,20404258731.815247,0.3262280464172363,1.0,KMeans++
Volume Sampling (Weighted),923,106437886115.46182,90.77,421.6454442890348,0.9651758215821584,KDD,20404258731.815247,0.3305200099945068,2.0,KMeans++
Volume Sampling (Weighted),916,86763534232.06635,90.84,325.2226722492041,0.9670738833883388,KDD,20404258731.815247,0.4218500137329101,5.0,KMeans++
Volume Sampling (Weighted),1720,50749837939.14574,82.8,148.72179188756456,0.9729897669766976,KDD,20404258731.815247,0.535941219329834,1.0,KMeans++
Volume Sampling (Weighted),1697,47957213468.31204,83.03,135.0353134541221,0.974382386238624,KDD,20404258731.815247,0.5822396278381348,2.0,KMeans++
Volume Sampling (Weighted),1669,48027952368.57268,83.31,135.38200039428688,0.9755770457045706,KDD,20404258731.815247,0.832887840270996,5.0,KMeans++
Volume Sampling (Weighted),3357,41099861563.21504,66.43,101.42785926905675,0.9743121232123212,KDD,20404258731.815247,1.200180959701538,1.0,KMeans++
Volume Sampling (Weighted),3350,36695483263.08692,66.5,79.84227579838348,0.9752499249924992,KDD,20404258731.815247,1.5561508178710937,2.0,KMeans++
Volume Sampling (Weighted),3391,32839290899.588814,66.09,60.94331742806368,0.9761424222422244,KDD,20404258731.815247,2.6138829708099367,5.0,KMeans++
Volume Sampling (Weighted),4160,29185949094.51244,58.4,43.03851699843613,0.9760839283928392,KDD,20404258731.815247,1.764735794067383,1.0,KMeans++
Volume Sampling (Weighted),4149,31146083538.235085,58.51,52.64501370819562,0.9765910591059106,KDD,20404258731.815247,2.3756802082061768,2.0,KMeans++
Volume Sampling (Weighted),4111,35692310737.49597,58.89,74.92578979035832,0.9765688088808882,KDD,20404258731.815247,3.944428205490112,5.0,KMeans++
Volume Sampling (Weighted),5002,33078467141.948647,49.98,62.11550528111663,0.9762229062906292,KDD,20404258731.815247,2.3138858318328857,1.0,KMeans++
Volume Sampling (Weighted),4933,32483176588.091755,50.67,59.19802338833565,0.978334609460946,KDD,20404258731.815247,3.1773186206817625,2.0,KMeans++
Volume Sampling (Weighted),4998,25351740122.27676,50.02,24.247297858202376,0.9777057585758576,KDD,20404258731.815247,6.088914012908935,5.0,KMeans++
Volume Sampling (Weighted),6322,26617945473.451984,36.78,30.452891346393656,0.9782392959295928,KDD,20404258731.815247,3.28454418182373,1.0,KMeans++
Volume Sampling (Weighted),6271,29373756583.642742,37.29,43.95894979434782,0.9781424382438244,KDD,20404258731.815247,6.434444999694824,2.0,KMeans++
Volume Sampling (Weighted),6294,23082958308.573948,37.06,13.128139629899673,0.9788128812881288,KDD,20404258731.815247,10.161129426956176,5.0,KMeans++
Volume Sampling (Weighted),584,1085734.4546224482,94.16,9.05045261502402,1.0,Synthetic,995625.8122608336,0.223499584197998,1.0,KMeans++
Volume Sampling (Weighted),572,1084989.2220444528,94.28,8.975601946347284,1.0,Synthetic,995625.8122608336,0.2662777900695801,2.0,KMeans++
Volume Sampling (Weighted),579,1086113.4169873877,94.21,9.088515345044948,1.0,Synthetic,995625.8122608336,0.3264522075653076,5.0,KMeans++
Volume Sampling (Weighted),947,1047971.774323059,90.53,5.257593909036983,1.0,Synthetic,995625.8122608336,0.303171443939209,1.0,KMeans++
Volume Sampling (Weighted),964,1046791.3879036153,90.36,5.139036675495247,1.0,Synthetic,995625.8122608336,0.3597199916839599,2.0,KMeans++
Volume Sampling (Weighted),950,1046713.3586918605,90.5,5.131199472924372,1.0,Synthetic,995625.8122608336,0.5041562080383301,5.0,KMeans++
Volume Sampling (Weighted),1829,1019000.749159659,81.71000000000001,2.347763247092455,1.0,Synthetic,995625.8122608336,0.8856606483459473,1.0,KMeans++
Volume Sampling (Weighted),1817,1019126.489905122,81.83,2.360392564644741,1.0,Synthetic,995625.8122608336,0.8140525817871094,2.0,KMeans++
Volume Sampling (Weighted),1799,1019103.885186232,82.01,2.358122161586516,1.0,Synthetic,995625.8122608336,1.235386610031128,5.0,KMeans++
Volume Sampling (Weighted),3946,1003407.995843481,60.540000000000006,0.7816373869391822,1.0,Synthetic,995625.8122608336,1.8992519855499268,1.0,KMeans++
Volume Sampling (Weighted),3897,1003580.8226150336,61.03,0.7989959939001876,1.0,Synthetic,995625.8122608336,2.504108428955078,2.0,KMeans++
Volume Sampling (Weighted),3933,1003477.0893178942,60.67,0.788577089944296,1.0,Synthetic,995625.8122608336,4.403679609298706,5.0,KMeans++
Volume Sampling (Weighted),5078,1000604.2825543876,49.220000000000006,0.5000342731421425,1.0,Synthetic,995625.8122608336,2.8697142124176027,1.0,KMeans++
Volume Sampling (Weighted),5053,1000611.3256913522,49.47,0.5007416811741613,1.0,Synthetic,995625.8122608336,4.168646812438965,2.0,KMeans++
Volume Sampling (Weighted),5036,1000807.182344992,49.64,0.5204133943045143,1.0,Synthetic,995625.8122608336,7.183572006225586,5.0,KMeans++
Volume Sampling (Weighted),6289,998658.956515545,37.11,0.3046470086813048,1.0,Synthetic,995625.8122608336,5.788297605514527,1.0,KMeans++
Volume Sampling (Weighted),6274,998658.8300780554,37.26,0.3046343093832267,1.0,Synthetic,995625.8122608336,5.980670595169068,2.0,KMeans++
Volume Sampling (Weighted),6262,998660.448243224,37.38,0.3047968368256404,1.0,Synthetic,995625.8122608336,11.876675844192505,5.0,KMeans++
Volume Sampling (Weighted),8629,996462.5544633504,13.71,0.0840418350160035,1.0,Synthetic,995625.8122608336,7.999131202697754,1.0,KMeans++
Volume Sampling (Weighted),8681,996465.9847222406,13.19,0.0843863679567836,1.0,Synthetic,995625.8122608336,9.728945636749268,2.0,KMeans++
Volume Sampling (Weighted),8635,996477.0525513092,13.65,0.0854980134095685,1.0,Synthetic,995625.8122608336,24.177146768569948,5.0,KMeans++
Volume Sampling (Weighted),20,1643356146.5984063,95.0,47.53227367855723,0.7612581453634084,Face,1113896034.828925,0.488364028930664,1.0,KMeans++
Volume Sampling (Weighted),20,1624894102.4482255,95.0,45.87484393889432,0.8237293233082706,Face,1113896034.828925,0.7939682006835938,2.0,KMeans++
Volume Sampling (Weighted),20,1638151299.4264493,95.0,47.0650086009186,0.7481278195488723,Face,1113896034.828925,1.801016426086426,5.0,KMeans++
Volume Sampling (Weighted),50,1338958570.354871,87.5,20.204985787610973,0.8331979949874688,Face,1113896034.828925,0.8797578334808349,1.0,KMeans++
Volume Sampling (Weighted),48,1407147580.0263703,88.0,26.32665311915614,0.8383734335839599,Face,1113896034.828925,1.34226598739624,2.0,KMeans++
Volume Sampling (Weighted),48,1371454012.364854,88.0,23.1222636119255,0.8342481203007519,Face,1113896034.828925,2.549362564086914,5.0,KMeans++
Volume Sampling (Weighted),63,1285302739.8468812,84.25,15.388034399842498,0.8462205513784461,Face,1113896034.828925,1.0382893562316895,1.0,KMeans++
Volume Sampling (Weighted),64,1301221671.0143478,84.0,16.817156209214186,0.852812030075188,Face,1113896034.828925,1.622267198562622,2.0,KMeans++
Volume Sampling (Weighted),64,1293075451.5189643,84.0,16.085829474880796,0.8530250626566416,Face,1113896034.828925,3.710368824005127,5.0,KMeans++
Volume Sampling (Weighted),86,1248775366.399325,78.5,12.108789990541208,0.8573483709273184,Face,1113896034.828925,1.5335232257843017,1.0,KMeans++
Volume Sampling (Weighted),90,1246871643.8209045,77.5,11.937883324308862,0.8662506265664159,Face,1113896034.828925,2.2046982288360595,2.0,KMeans++
Volume Sampling (Weighted),87,1231749514.757814,78.25,10.58029441203546,0.8564636591478697,Face,1113896034.828925,4.439710569381714,5.0,KMeans++
Lightweight Coresets,100,70094311.38974369,99.0,15.759293660917034,0.944423394339434,KDD,83207174.3411105,0.5494378089904786,,KMedoids
Lightweight Coresets,500,72376322.48283197,95.0,13.016728357914308,0.9414081408140812,KDD,83207174.3411105,1.1293136119842528,,KMedoids
Lightweight Coresets,1000,62311830.18356671,90.0,25.112430896742925,0.946924108410841,KDD,83207174.3411105,1.765888214111328,,KMedoids
Lightweight Coresets,1500,84436783.73283066,85.0,1.4777684754434004,0.9539258405840584,KDD,83207174.3411105,2.613706159591674,,KMedoids
Lightweight Coresets,3500,90231712.19984569,65.0,8.442226183451284,0.9462103250325032,KDD,83207174.3411105,5.003470039367675,,KMedoids
Lightweight Coresets,5000,94411330.08515206,50.0,13.465372226329626,0.9470471927192718,KDD,83207174.3411105,7.492402791976929,,KMedoids
Lightweight Coresets,7000,86239162.87797216,30.0,3.6439027774599375,0.9718018561856184,KDD,83207174.3411105,10.773422622680664,,KMedoids
Lightweight Coresets,10000,87593340.79432064,0.0,5.271380127906896,0.966675807580758,KDD,83207174.3411105,13.901426792144775,,KMedoids
Lightweight Coresets,100,2872763.8044194668,99.0,260.69675923788463,0.963890505050505,Synthetic,796448.4656001132,0.6729074001312256,,KMedoids
Lightweight Coresets,500,2343421.3675699355,95.0,194.2338982101245,0.9793133433343334,Synthetic,796448.4656001132,1.157775640487671,,KMedoids
Lightweight Coresets,1000,2207416.364710531,90.0,177.15746342072148,0.9798721712171216,Synthetic,796448.4656001132,1.707115364074707,,KMedoids
Lightweight Coresets,1500,2246911.061780348,85.0,182.11631496927183,0.9823330653065308,Synthetic,796448.4656001132,2.225603580474853,,KMedoids
Lightweight Coresets,3500,2159264.512284383,65.0,171.11164193874197,0.979992191219122,Synthetic,796448.4656001132,4.5307722091674805,,KMedoids
Lightweight Coresets,5000,2352883.656151416,50.0,195.42195857939785,0.9798387638763876,Synthetic,796448.4656001132,6.201348066329956,,KMedoids
Lightweight Coresets,7000,2194170.5116537325,30.0,175.49434852642406,0.9782130813081308,Synthetic,796448.4656001132,8.65343599319458,,KMedoids
Lightweight Coresets,10000,2161744.4676010683,0.0,171.42301868485904,0.978157283728373,Synthetic,796448.4656001132,12.79769263267517,,KMedoids
Lightweight Coresets,10,44466623.480324544,97.5,32.706231948138935,0.7236315789473683,Face,33507562.401215583,0.3841738224029541,,KMedoids
Lightweight Coresets,20,40296261.73404654,95.0,20.260200522926368,0.7109298245614035,Face,33507562.401215583,0.7206645965576172,,KMedoids
Lightweight Coresets,50,36225223.728851005,87.5,8.110590961808763,0.809310776942356,Face,33507562.401215583,1.0982349872589112,,KMedoids
Lightweight Coresets,70,36230362.913023084,82.5,8.1259283477712,0.8277694235588973,Face,33507562.401215583,1.7174665451049804,,KMedoids
Lightweight Coresets,100,35562449.00419768,75.0,6.132605464930953,0.8374210526315788,Face,33507562.401215583,2.126578378677368,,KMedoids
Volume Sampling,100,101960026.08684848,99.0,7.023240198940077,0.9088402720272027,KDD,95269051.74737762,0.5196011543273926,1.0,KMedoids
Volume Sampling,97,145121140.45616567,99.03,52.32768437853197,0.9166933133313332,KDD,95269051.74737762,0.4790979862213135,2.0,KMedoids
Volume Sampling,96,181954374.7362332,99.04,90.99001343974396,0.8986207620762077,KDD,95269051.74737762,0.5194536209106445,5.0,KMedoids
Volume Sampling,475,66259968.50697118,95.25,30.44963994952846,0.9285186318631864,KDD,95269051.74737762,1.061851978302002,1.0,KMedoids
Volume Sampling,481,89284964.82173716,95.19,6.281249593528343,0.9393314691469148,KDD,95269051.74737762,0.923729419708252,2.0,KMedoids
Volume Sampling,484,90990415.84931116,95.16,4.491107888227968,0.9398564136413642,KDD,95269051.74737762,0.9707683563232422,5.0,KMedoids
Volume Sampling,923,82749989.1401037,90.77,13.140744426081184,0.9274741394139412,KDD,95269051.74737762,1.3197135925292969,1.0,KMedoids
Volume Sampling,918,86034606.02651939,90.82,9.693017356092682,0.931717203720372,KDD,95269051.74737762,1.355138969421387,2.0,KMedoids
Volume Sampling,912,73962935.25520602,90.88,22.36415299762661,0.912000588058806,KDD,95269051.74737762,1.6566195964813233,5.0,KMedoids
Volume Sampling,1331,101120180.8821792,86.69,6.141689276300187,0.939983202320232,KDD,95269051.74737762,1.8413407802581787,1.0,KMedoids
Volume Sampling,1349,103406297.4111043,86.50999999999999,8.541331643883684,0.9307012421242123,KDD,95269051.74737762,2.0017209529876707,2.0,KMedoids
Volume Sampling,1310,86398475.07744803,86.9,9.311078999139683,0.9471841384138416,KDD,95269051.74737762,2.1531439304351805,5.0,KMedoids
Volume Sampling,2685,83146300.21073696,73.15,12.72475301715633,0.9637603400340032,KDD,95269051.74737762,3.528599739074707,1.0,KMedoids
Volume Sampling,2677,68514775.19638714,73.22999999999999,28.08286223099404,0.933656113611361,KDD,95269051.74737762,5.495922374725342,2.0,KMedoids
Volume Sampling,2625,79861428.66037062,73.75,16.172747397405594,0.9617326852685268,KDD,95269051.74737762,8.906636810302734,5.0,KMedoids
Volume Sampling,3404,107022187.97919326,65.96,12.336783054145547,0.9332049204920492,KDD,95269051.74737762,7.940082788467407,1.0,KMedoids
Volume Sampling,3377,91428722.81888512,66.23,4.031035113769998,0.9550422682268228,KDD,95269051.74737762,5.692765378952027,2.0,KMedoids
Volume Sampling,3384,100657035.54036295,66.16,5.655544685458303,0.9405159635963596,KDD,95269051.74737762,7.322654962539673,5.0,KMedoids
Volume Sampling,4193,87273281.15896097,58.07,8.392831083927256,0.962695813581358,KDD,95269051.74737762,5.934122562408447,1.0,KMedoids
Volume Sampling,4160,88129717.11818747,58.4,7.493865529512488,0.9563728732873288,KDD,95269051.74737762,6.865508604049682,2.0,KMedoids
Volume Sampling,4183,84400720.27834627,58.17,11.40803993499443,0.9473703370337034,KDD,95269051.74737762,10.913328838348388,5.0,KMedoids
Volume Sampling,4962,91535859.12153593,50.38,3.9185785492448257,0.9547655245524552,KDD,95269051.74737762,9.725901412963868,1.0,KMedoids
Volume Sampling,4957,99963651.4823752,50.43,4.92772799654407,0.9716554615461548,KDD,95269051.74737762,13.99006757736206,2.0,KMedoids
Volume Sampling,4961,87583598.32808249,50.39,8.06710393179355,0.9605577397739774,KDD,95269051.74737762,27.30038900375366,5.0,KMedoids
Volume Sampling,98,2879205.921099058,99.02,42.90757966440008,0.9474255465546554,Synthetic,2014732.8279301208,0.7238816261291504,1.0,KMedoids
Volume Sampling,100,2830277.4167597145,99.0,40.47904404612601,0.94675700370037,Synthetic,2014732.8279301208,0.7283747673034668,2.0,KMedoids
Volume Sampling,100,2788517.091791956,99.0,38.40629651410399,0.9362076167616762,Synthetic,2014732.8279301208,0.8034202098846436,5.0,KMedoids
Volume Sampling,491,2520106.797320802,95.09,25.083919931452563,0.960167412741274,Synthetic,2014732.8279301208,1.434243392944336,1.0,KMedoids
Volume Sampling,488,2473395.304700992,95.12,22.7654242990664,0.95901400540054,Synthetic,2014732.8279301208,1.4367398738861084,2.0,KMedoids
Volume Sampling,488,2416211.497975369,95.12,19.927141925697214,0.9624190819081908,Synthetic,2014732.8279301208,1.722603988647461,5.0,KMedoids
Volume Sampling,949,2338278.0440046936,90.51,16.058963828319314,0.9610641224122412,Synthetic,2014732.8279301208,2.1320809841156008,1.0,KMedoids
Volume Sampling,950,2499818.872916384,90.5,24.0769415309834,0.9610456765676568,Synthetic,2014732.8279301208,2.2594998359680174,2.0,KMedoids
Volume Sampling,947,2257603.536997879,90.53,12.054735283053716,0.9651936193619362,Synthetic,2014732.8279301208,2.8356698036193846,5.0,KMedoids
Volume Sampling,1405,2311728.05321014,85.95,14.741171690995028,0.9624108850885088,Synthetic,2014732.8279301208,3.053955221176148,1.0,KMedoids
Volume Sampling,1389,2251838.84207375,86.11,11.768608266894894,0.967155807580758,Synthetic,2014732.8279301208,3.645903396606445,2.0,KMedoids
Volume Sampling,1383,2340022.7235652404,86.17,16.145559903806863,0.9665417781778178,Synthetic,2014732.8279301208,4.444215583801269,5.0,KMedoids
Volume Sampling,2943,2181612.930687191,70.57,8.282989210461125,0.96556702070207,Synthetic,2014732.8279301208,8.957295608520507,1.0,KMedoids
Volume Sampling,2939,2271552.216073575,70.61,12.747069218468196,0.9660416281628162,Synthetic,2014732.8279301208,14.370962572097778,2.0,KMedoids
Volume Sampling,2928,2285955.882341641,70.72,13.461986157746145,0.963689508950895,Synthetic,2014732.8279301208,19.52048878669739,5.0,KMedoids
Volume Sampling,3928,2324468.310313956,60.72,15.373526359921804,0.9619894829482948,Synthetic,2014732.8279301208,20.632742595672607,1.0,KMedoids
Volume Sampling,3928,2253723.591131224,60.72,11.862156603991776,0.9643950635063508,Synthetic,2014732.8279301208,22.518251132965087,2.0,KMedoids
Volume Sampling,3953,2068306.0081778832,60.47,2.659071193216325,0.9680567536753676,Synthetic,2014732.8279301208,26.40519862174988,5.0,KMedoids
Volume Sampling,4977,2141154.350941181,50.23,6.274852985889067,0.9682055565556554,Synthetic,2014732.8279301208,27.14987940788269,1.0,KMedoids
Volume Sampling,5011,2228203.4936314216,49.89,10.595482574263434,0.9645552675267528,Synthetic,2014732.8279301208,29.641098165512084,2.0,KMedoids
Volume Sampling,5008,2205499.430636581,49.92,9.468580650589214,0.9664025562556257,Synthetic,2014732.8279301208,43.270373058319095,5.0,KMedoids
Volume Sampling,6294,2226607.1630943515,37.06,10.51624970949148,0.9656890769076908,Synthetic,2014732.8279301208,30.761609029769897,1.0,KMedoids
Volume Sampling,6292,2163561.201446661,37.08,7.387002954105934,0.9685898749874988,Synthetic,2014732.8279301208,37.01128783226013,2.0,KMedoids
Volume Sampling,6332,2282569.012715688,36.68,13.293881008567002,0.964537817781778,Synthetic,2014732.8279301208,38.3091492176056,5.0,KMedoids
Volume Sampling (Weighted),98,176708216.55936307,99.02,109.86796696598486,0.9059106270627064,KDD,84199708.56629288,1.1707812786102294,1.0,KMedoids
Volume Sampling (Weighted),99,164062418.14449453,99.01,94.8491520197168,0.9116154935493548,KDD,84199708.56629288,1.5078100204467773,2.0,KMedoids
Volume Sampling (Weighted),93,156942208.35621315,99.07,86.39281658872724,0.9193659525952596,KDD,84199708.56629288,1.1122322082519531,5.0,KMedoids
Volume Sampling (Weighted),479,70741480.99221501,95.21,15.983698522521394,0.9408129452945294,KDD,84199708.56629288,2.6589002132415773,1.0,KMedoids
Volume Sampling (Weighted),476,84906379.15208057,95.24,0.8392791350712353,0.9450533733373336,KDD,84199708.56629288,3.176851224899292,2.0,KMedoids
Volume Sampling (Weighted),474,106831735.17587616,95.26,26.87898449406677,0.9340602940294028,KDD,84199708.56629288,3.558479595184326,5.0,KMedoids
Volume Sampling (Weighted),911,77101630.3467693,90.89,8.430050816547727,0.9546677387738772,KDD,84199708.56629288,5.9626952648162845,1.0,KMedoids
Volume Sampling (Weighted),905,78016243.6782234,90.95,7.34380794584468,0.9632941054105412,KDD,84199708.56629288,3.7652445793151856,2.0,KMedoids
Volume Sampling (Weighted),912,83300010.85645469,90.88,1.068528294405958,0.9494364436443644,KDD,84199708.56629288,4.166606998443603,5.0,KMedoids
Volume Sampling (Weighted),1311,81492631.86464879,86.89,3.2150665931494675,0.9634515651565156,KDD,84199708.56629288,4.91194896697998,1.0,KMedoids
Volume Sampling (Weighted),1307,92022173.24235818,86.92999999999999,9.290370250992543,0.9547995759575958,KDD,84199708.56629288,5.463677406311035,2.0,KMedoids
Volume Sampling (Weighted),1322,65820160.47054565,86.78,21.828517471977328,0.9488404720472048,KDD,84199708.56629288,8.169718599319458,5.0,KMedoids
Volume Sampling (Weighted),2644,74443804.26373218,73.56,11.58662478609364,0.9702525772577258,KDD,84199708.56629288,11.264120197296142,1.0,KMedoids
Volume Sampling (Weighted),2662,84176352.71496305,73.38,0.0277386367809628,0.9554076607660766,KDD,84199708.56629288,11.071582174301149,2.0,KMedoids
Volume Sampling (Weighted),2638,89519636.53982446,73.61999999999999,6.318226112793537,0.9608705390539054,KDD,84199708.56629288,12.195633602142331,5.0,KMedoids
Volume Sampling (Weighted),3354,75184509.09361346,66.46,10.706924793666586,0.9459608840884088,KDD,84199708.56629288,13.546355962753296,1.0,KMedoids
Volume Sampling (Weighted),3372,85280455.4696257,66.28,1.2835518337713854,0.9719619121912192,KDD,84199708.56629288,12.539431858062745,2.0,KMedoids
Volume Sampling (Weighted),3422,70196637.63053578,65.78,16.630783139507038,0.9553344214421442,KDD,84199708.56629288,19.1234543800354,5.0,KMedoids
Volume Sampling (Weighted),4104,90774920.38170724,58.96,7.809067189629894,0.9680855845584558,KDD,84199708.56629288,15.735299444198608,1.0,KMedoids
Volume Sampling (Weighted),4162,95338754.32211402,58.38,13.229316283263673,0.9598935733573356,KDD,84199708.56629288,20.17989521026612,2.0,KMedoids
Volume Sampling (Weighted),4106,87441253.77754967,58.940000000000005,3.849829490448443,0.9614000800080008,KDD,84199708.56629288,26.18146014213562,5.0,KMedoids
Volume Sampling (Weighted),4953,79515560.94218987,50.470000000000006,5.563139948893105,0.965778589858986,KDD,84199708.56629288,19.459033393859865,1.0,KMedoids
Volume Sampling (Weighted),4936,86930196.6102352,50.63999999999999,3.2428711339214726,0.9448193939393938,KDD,84199708.56629288,18.91010375022888,2.0,KMedoids
Volume Sampling (Weighted),4989,74633669.31345204,50.11,11.36113107245404,0.9573625642564256,KDD,84199708.56629288,32.47992196083069,5.0,KMedoids
Volume Sampling,10,43128303.1,97.5,29.95929134347717,0.7377468671679199,Face,33186009.752864555,1.42686824798584,1.0,KMedoids
Volume Sampling,10,42871361.55,97.5,29.185044750067973,0.7371052631578947,Face,33186009.752864555,1.7934954166412354,2.0,KMedoids
Volume Sampling,10,43249484.22666666,97.5,30.324448611763103,0.6519423558897243,Face,33186009.752864555,3.382353591918945,5.0,KMedoids
Volume Sampling,18,41117720.67,95.5,23.90076714917736,0.7267568922305764,Face,33186009.752864555,1.7921306133270265,1.0,KMedoids
Volume Sampling,20,39810847.75992064,95.0,19.962743506649623,0.7334586466165414,Face,33186009.752864555,2.177513599395752,2.0,KMedoids
Volume Sampling,20,39234261.14666667,95.0,18.225304695693463,0.793513784461153,Face,33186009.752864555,3.8640764236450194,5.0,KMedoids
Volume Sampling,44,37000530.97649321,89.0,11.494365402877014,0.7729147869674186,Face,33186009.752864555,3.497746038436889,1.0,KMedoids
Volume Sampling,45,36173915.34380952,88.75,9.003509651192873,0.8342807017543861,Face,33186009.752864555,5.313763761520386,2.0,KMedoids
Volume Sampling,45,36110515.935960695,88.75,8.812467075357569,0.8342155388471179,Face,33186009.752864555,10.143992948532103,5.0,KMedoids
Volume Sampling,65,34842689.713227324,83.75,4.992103518018668,0.8462105263157895,Face,33186009.752864555,6.672582006454467,1.0,KMedoids
Volume Sampling,63,35384998.32497974,84.25,6.62625181060031,0.8395889724310777,Face,33186009.752864555,11.951597547531128,2.0,KMedoids
Volume Sampling,64,35339087.59838269,84.0,6.487908192494535,0.8193057644110275,Face,33186009.752864555,16.593275260925292,5.0,KMedoids
Volume Sampling,90,34942159.79554795,77.5,5.291838505928858,0.8407619047619048,Face,33186009.752864555,9.450247192382813,1.0,KMedoids
Volume Sampling,92,34947852.34847711,77.0,5.308991978044232,0.831734335839599,Face,33186009.752864555,13.72305998802185,2.0,KMedoids
Volume Sampling,91,34748217.25158401,77.25,4.707427950371789,0.8483583959899749,Face,33186009.752864555,20.044927453994752,5.0,KMedoids
Volume Sampling (Weighted),100,2755521.3206615457,99.0,39.58772698385587,0.9357522392239224,Synthetic,1974042.6899997,2.3662416458129885,1.0,KMedoids
Volume Sampling (Weighted),99,2930182.773145472,99.01,48.43563353464848,0.930433087308731,Synthetic,1974042.6899997,3.7335235595703127,2.0,KMedoids
Volume Sampling (Weighted),100,2840030.807988352,99.0,43.86876344547461,0.9380423602360236,Synthetic,1974042.6899997,3.946900224685669,5.0,KMedoids
Volume Sampling (Weighted),490,2389568.803418117,95.1,21.049499867628505,0.9647523792379238,Synthetic,1974042.6899997,7.312529850006103,1.0,KMedoids
Volume Sampling (Weighted),483,2535744.5477345297,95.17,28.454392631950377,0.968472215221522,Synthetic,1974042.6899997,4.853369808197021,2.0,KMedoids
Volume Sampling (Weighted),493,2338520.3842992745,95.07,18.463516323430163,0.9680041204120412,Synthetic,1974042.6899997,7.368798780441284,5.0,KMedoids
Volume Sampling (Weighted),947,2056049.8165685567,90.53,4.154273207175149,0.9748729112911292,Synthetic,1974042.6899997,7.883710145950317,1.0,KMedoids
Volume Sampling (Weighted),959,2204197.318612131,90.41,11.659050221070231,0.97198501050105,Synthetic,1974042.6899997,8.94979214668274,2.0,KMedoids
Volume Sampling (Weighted),945,2398446.583325104,90.55,21.49922569939297,0.9632037643764376,Synthetic,1974042.6899997,10.176572561264038,5.0,KMedoids
Volume Sampling (Weighted),1389,2110728.092748581,86.11,6.924136111205462,0.9731693289328934,Synthetic,1974042.6899997,12.677225160598756,1.0,KMedoids
Volume Sampling (Weighted),1380,1974757.5109470675,86.2,0.0362110176739562,0.9767280488048806,Synthetic,1974042.6899997,6.193975782394409,2.0,KMedoids
Volume Sampling (Weighted),1399,2278929.4502124386,86.00999999999999,15.44479061963877,0.967775513551355,Synthetic,1974042.6899997,3.441395807266235,5.0,KMedoids
Volume Sampling (Weighted),2981,2146243.7433549,70.19,8.723268966145099,0.9735484148414842,Synthetic,1974042.6899997,5.892279386520386,1.0,KMedoids
Volume Sampling (Weighted),2943,2133950.930155057,70.57,8.100546202239487,0.972391095109511,Synthetic,1974042.6899997,6.559407377243042,2.0,KMedoids
Volume Sampling (Weighted),2953,2268643.538051464,70.47,14.92373237641628,0.9658078207820784,Synthetic,1974042.6899997,6.912355613708496,5.0,KMedoids
Volume Sampling (Weighted),3926,2203407.795749951,60.74,11.619054993703603,0.969056617661766,Synthetic,1974042.6899997,6.783763790130616,1.0,KMedoids
Volume Sampling (Weighted),3913,2224009.3878884227,60.870000000000005,12.662679442295172,0.9709022222222222,Synthetic,1974042.6899997,9.231125831604004,2.0,KMedoids
Volume Sampling (Weighted),3965,2205141.2520332253,60.35,11.70686749603983,0.962763792379238,Synthetic,1974042.6899997,11.8813325881958,5.0,KMedoids
Volume Sampling (Weighted),5069,2154141.054809685,49.31,9.12332675085219,0.9735958955895592,Synthetic,1974042.6899997,15.861495399475098,1.0,KMedoids
Volume Sampling (Weighted),5063,2203097.146368093,49.370000000000005,11.603318283275202,0.9684386718671868,Synthetic,1974042.6899997,15.019967174530027,2.0,KMedoids
Volume Sampling (Weighted),5063,1986991.3879266805,49.370000000000005,0.6559482220205773,0.9748707550755076,Synthetic,1974042.6899997,21.588273811340333,5.0,KMedoids
Volume Sampling (Weighted),6332,2145570.110970003,36.68,8.689144456664668,0.9705717811781176,Synthetic,1974042.6899997,11.676719427108765,1.0,KMedoids
Volume Sampling (Weighted),6319,2131789.421372303,36.81,7.991049645062474,0.970820490049005,Synthetic,1974042.6899997,13.364722442626952,2.0,KMedoids
Volume Sampling (Weighted),6324,2209004.0094318404,36.76,11.902544996743512,0.9711722012201222,Synthetic,1974042.6899997,19.760812187194823,5.0,KMedoids
Volume Sampling (Weighted),10,42076205.66214885,97.5,27.030768723472747,0.7191954887218045,Face,33122845.815207608,0.7548913955688477,1.0,KMedoids
Volume Sampling (Weighted),10,42591536.14581155,97.5,28.586584568940047,0.7311854636591478,Face,33122845.815207608,1.2334832191467284,2.0,KMedoids
Volume Sampling (Weighted),10,42229867.188275024,97.5,27.49468274518288,0.7194010025062656,Face,33122845.815207608,2.037890005111694,5.0,KMedoids
Volume Sampling (Weighted),20,39690330.86414508,95.0,19.827659391277777,0.7601177944862156,Face,33122845.815207608,1.117345428466797,1.0,KMedoids
Volume Sampling (Weighted),20,39421569.42767401,95.0,19.016251343882068,0.7410075187969924,Face,33122845.815207608,1.3647916316986084,2.0,KMedoids
Volume Sampling (Weighted),20,39874471.46158934,95.0,20.38359168789136,0.7593784461152883,Face,33122845.815207608,2.505814552307129,5.0,KMedoids
Volume Sampling (Weighted),46,36622771.88594119,88.5,10.566501713831196,0.7935288220551378,Face,33122845.815207608,1.899761199951172,1.0,KMedoids
Volume Sampling (Weighted),46,36742457.32683642,88.5,10.92783975091582,0.8207819548872181,Face,33122845.815207608,2.528593587875366,2.0,KMedoids
Volume Sampling (Weighted),47,36962051.45140371,88.25,11.590808524167976,0.7973333333333332,Face,33122845.815207608,4.820522022247315,5.0,KMedoids
Volume Sampling (Weighted),64,36415384.73967417,84.0,9.94038659249161,0.7965213032581454,Face,33122845.815207608,2.6185662269592287,1.0,KMedoids
Volume Sampling (Weighted),62,35575908.909743264,84.5,7.40595511696458,0.8359523809523809,Face,33122845.815207608,3.329006004333496,2.0,KMedoids
Volume Sampling (Weighted),64,35812946.95480203,84.0,8.121588207132014,0.8120150375939851,Face,33122845.815207608,5.966390180587768,5.0,KMedoids
Volume Sampling (Weighted),91,35174401.62333552,77.25,6.1937788183223805,0.8172105263157894,Face,33122845.815207608,3.2203413963317877,1.0,KMedoids
Volume Sampling (Weighted),88,35240657.63466556,78.0,6.393809974158712,0.8206416040100251,Face,33122845.815207608,4.376702213287354,2.0,KMedoids
Volume Sampling (Weighted),86,35122246.51721701,78.5,6.036319201448031,0.8180751879699247,Face,33122845.815207608,8.814903593063354,5.0,KMedoids
Norm Based Sampling,500,57083030092.04469,95.0,182.02010151441445,0.97880798479848,KDD,20240766450.87197,2.6908636569976805,,KMeans++
Norm Based Sampling,1000,44639876500.32284,90.0,120.54439790445656,0.9782284388438844,KDD,20240766450.87197,1.492741060256958,,KMeans++
Norm Based Sampling,2000,34790386690.29854,80.0,71.88275342606784,0.979577517751775,KDD,20240766450.87197,0.9497695446014404,,KMeans++
Norm Based Sampling,5000,26854082022.55587,50.0,32.67324677519311,0.9816443044304431,KDD,20240766450.87197,2.205580997467041,,KMeans++
Norm Based Sampling,7000,27485914684.22646,30.0,35.79483144049796,0.9848633543354336,KDD,20240766450.87197,2.4623263835906983,,KMeans++
Norm Based Sampling,10000,20403154761.883614,0.0,0.802283408613921,0.9866927652765276,KDD,20240766450.87197,2.8273108959198,,KMeans++
Uniform Sampling,500,52157510435.63279,95.0,157.6854515970458,0.9822583098309832,KDD,20240766450.87197,0.3847180366516113,,KMeans++
Uniform Sampling,1000,45605040098.657394,90.0,125.31281218697488,0.9851295129512952,KDD,20240766450.87197,0.6532956123352051,,KMeans++
Uniform Sampling,2000,38909498457.246704,80.0,92.23332551011416,0.9858029162916292,KDD,20240766450.87197,1.0493592262268066,,KMeans++
Uniform Sampling,5000,27033070777.539745,50.0,33.55754508187192,0.9877136793679367,KDD,20240766450.87197,2.1046658992767333,,KMeans++
Uniform Sampling,7000,21147604555.210564,30.0,4.480255757802699,0.9891843184318432,KDD,20240766450.87197,2.249458599090576,,KMeans++
Uniform Sampling,10000,20401880084.80613,0.0,0.795985835443567,0.986728612861286,KDD,20240766450.87197,2.62600154876709,,KMeans++
Statistical Leverage Sampling,500,53150788163.867935,95.0,162.59276442359322,0.9811615241524152,KDD,20240766450.87197,0.5458417415618897,,KMeans++
Statistical Leverage Sampling,1000,42811098391.8512,90.0,111.50927508482214,0.9851378617861788,KDD,20240766450.87197,1.4192808628082276,,KMeans++
Statistical Leverage Sampling,2000,32369140133.22301,80.0,59.92052579524994,0.9857314891489148,KDD,20240766450.87197,1.8873392581939696,,KMeans++
Statistical Leverage Sampling,5000,25456359370.407387,50.0,25.76776394409078,0.9885187758775876,KDD,20240766450.87197,2.2833738803863524,,KMeans++
Statistical Leverage Sampling,7000,24534971344.696404,30.0,21.215623945107247,0.9875359895989598,KDD,20240766450.87197,2.3614410400390624,,KMeans++
Statistical Leverage Sampling,10000,20344794508.576103,0.0,0.5139531546723949,0.9875280408040804,KDD,20240766450.87197,2.073051261901856,,KMeans++
Uniform Sampling,5,2292542408.0,98.75,266.9825022285038,0.6718471177944861,Face,624700740.2474288,0.1067846298217773,,KMeans++
Uniform Sampling,10,1899528577.375,97.5,204.0701659201881,0.6997268170426065,Face,624700740.2474288,0.0927409648895263,,KMeans++
Uniform Sampling,20,1610312020.9615123,95.0,157.77334925579035,0.715295739348371,Face,624700740.2474288,0.0974334239959716,,KMeans++
Uniform Sampling,50,1430187254.0860777,87.5,128.9395804973138,0.7031754385964912,Face,624700740.2474288,0.3297795295715332,,KMeans++
Uniform Sampling,70,1366693811.9591484,82.5,118.775763162668,0.7830676691729324,Face,624700740.2474288,0.1980252742767334,,KMeans++
Uniform Sampling,100,1336087819.2273197,75.0,113.8764584620354,0.7681779448621554,Face,624700740.2474288,0.2785726070404052,,KMeans++
Norm Based Sampling,5,2426771232.4,98.75,288.46940239558785,0.7404711779448622,Face,624700740.2474288,0.1248662948608398,,KMeans++
Norm Based Sampling,10,1881016318.494444,97.5,201.10678558655445,0.6665839598997494,Face,624700740.2474288,0.1221573829650879,,KMeans++
Norm Based Sampling,20,1623732589.751583,95.0,159.92166891117532,0.6999323308270677,Face,624700740.2474288,0.1073503971099853,,KMeans++
Norm Based Sampling,50,1461687029.2129798,87.5,133.98195888707306,0.781325814536341,Face,624700740.2474288,0.3297186374664306,,KMeans++
Norm Based Sampling,70,1376104405.952721,82.5,120.28217949728692,0.765140350877193,Face,624700740.2474288,0.2220002174377441,,KMeans++
Norm Based Sampling,100,1331627097.5141692,75.0,113.1624010861175,0.7850827067669173,Face,624700740.2474288,0.2910714626312256,,KMeans++
Statistical Leverage Sampling,5,2412467680.8,98.75,286.1797378124573,0.7196741854636592,Face,624700740.2474288,0.0811364650726318,,KMeans++
Statistical Leverage Sampling,10,1910908046.1953323,97.5,205.8917531358244,0.70365664160401,Face,624700740.2474288,0.0648186206817627,,KMeans++
Statistical Leverage Sampling,20,1624874353.0513854,95.0,160.1044385520997,0.7583809523809524,Face,624700740.2474288,0.0727698802947998,,KMeans++
Statistical Leverage Sampling,50,1443712777.26448,87.5,131.10470089929146,0.7339924812030076,Face,624700740.2474288,0.1204236507415771,,KMeans++
Statistical Leverage Sampling,70,1386172062.3441758,82.5,121.89377617755773,0.7688922305764411,Face,624700740.2474288,0.1416908740997314,,KMeans++
Statistical Leverage Sampling,100,1350020886.379767,75.0,116.10681713696329,0.7737343358395989,Face,624700740.2474288,0.1812990665435791,,KMeans++
Statistical Leverage Sampling,500,436791.4133625564,95.0,89.01968162604378,0.8114656185618561,MNIST,3977948.5301497695,0.2774306774139404,,KMeans++
Statistical Leverage Sampling,1000,434129.2898304696,90.0,89.08660364657548,0.8114484128412842,MNIST,3977948.5301497695,0.3987968921661377,,KMeans++
Statistical Leverage Sampling,2000,432629.7395117463,80.0,89.12430022076083,0.8129693809380939,MNIST,3977948.5301497695,0.6966557502746582,,KMeans++
Statistical Leverage Sampling,5000,431842.1026260552,50.0,89.14410029810527,0.8134367396739675,MNIST,3977948.5301497695,2.107355737686157,,KMeans++
Statistical Leverage Sampling,7000,431697.21550968906,30.0,89.14774255529558,0.8123486308630863,MNIST,3977948.5301497695,2.244243335723877,,KMeans++
Statistical Leverage Sampling,10000,431574.43225142674,0.0,89.15082915275482,0.8123251765176518,MNIST,3977948.5301497695,3.2387093544006347,,KMeans++
Statistical Leverage Sampling,100,7407386.386866468,99.0,643.9930037617271,0.9938354475447544,Synthetic,995625.8122608332,0.1340785503387451,,KMeans++
Statistical Leverage Sampling,500,1101315.4628413045,95.0,10.61539880534782,1.0,Synthetic,995625.8122608332,0.139778184890747,,KMeans++
Statistical Leverage Sampling,1000,1043118.4034679777,90.0,4.770124540995966,1.0,Synthetic,995625.8122608332,0.1765359878540039,,KMeans++
Statistical Leverage Sampling,2000,1015922.8909882028,80.0,2.0386252021007403,1.0,Synthetic,995625.8122608332,0.1984033584594726,,KMeans++
Statistical Leverage Sampling,5000,1000624.5649398996,50.0,0.5020714225674188,1.0,Synthetic,995625.8122608332,0.3810437679290771,,KMeans++
Statistical Leverage Sampling,7000,997805.0050394372,30.0,0.218876685574818,1.0,Synthetic,995625.8122608332,0.452606201171875,,KMeans++
Statistical Leverage Sampling,10000,995625.8122608332,0.0,0.0,1.0,Synthetic,995625.8122608332,0.6212984561920166,,KMeans++
Norm Based Sampling,100,10861264.351342734,99.0,990.8982287913312,0.9907974317431744,Synthetic,995625.8122608336,0.1522596359252929,,KMeans++
Norm Based Sampling,500,1102010.1730523126,95.0,10.685175040802235,1.0,Synthetic,995625.8122608336,0.1879273891448974,,KMeans++
Norm Based Sampling,1000,1043777.8096900074,90.0,4.836354867079227,1.0,Synthetic,995625.8122608336,0.1831637859344482,,KMeans++
Norm Based Sampling,2000,1016569.5427362226,80.0,2.1035744772256204,1.0,Synthetic,995625.8122608336,0.2439738273620605,,KMeans++
Norm Based Sampling,5000,1000663.3111705192,50.0,0.5059630684189369,1.0,Synthetic,995625.8122608336,0.4958191871643066,,KMeans++
Norm Based Sampling,7000,997756.7398503412,30.0,0.2140289618113474,1.0,Synthetic,995625.8122608336,0.5631577968597412,,KMeans++
Norm Based Sampling,10000,995625.8122608332,0.0,2.3385356304208874e-14,1.0,Synthetic,995625.8122608336,0.7229216575622559,,KMeans++
Uniform Sampling,100,7666481.855041722,99.0,670.0163817200496,0.995044892489249,Synthetic,995625.8122608332,0.1786672115325927,,KMeans++
Uniform Sampling,500,1104544.321406794,95.0,10.93970323033634,1.0,Synthetic,995625.8122608332,0.2328814029693603,,KMeans++
Uniform Sampling,1000,1043464.6803206906,90.0,4.804904359723913,1.0,Synthetic,995625.8122608332,0.2537943840026855,,KMeans++
Uniform Sampling,2000,1016285.1042294756,80.0,2.075005661186112,1.0,Synthetic,995625.8122608332,0.3221271991729736,,KMeans++
Uniform Sampling,5000,1000704.121214555,50.0,0.5100620023289797,1.0,Synthetic,995625.8122608332,0.5407004356384277,,KMeans++
Uniform Sampling,7000,997788.1424183932,30.0,0.2171830150375388,1.0,Synthetic,995625.8122608332,0.8313690185546875,,KMeans++
Uniform Sampling,10000,995625.8122608332,0.0,0.0,1.0,Synthetic,995625.8122608332,1.667133665084839,,KMeans++
Norm Based Sampling,100,2223375.358276769,99.83333333333331,16.611484522787137,0.9036099690550398,FMNIST,1906652.1341148848,1.8594274520874023,,KMeans++
Norm Based Sampling,500,1975954.7289767424,99.16666666666669,3.634779182938361,0.9216752275871264,FMNIST,1906652.1341148848,2.247140407562256,,KMeans++
Norm Based Sampling,1000,1971601.4252169384,98.33333333333331,3.4064573154140096,0.9181317829741606,FMNIST,1906652.1341148848,2.587588977813721,,KMeans++
Norm Based Sampling,2000,1938518.3070317148,96.66666666666669,1.671315514071114,0.9321885429201596,FMNIST,1906652.1341148848,3.653075218200684,,KMeans++
Norm Based Sampling,5000,1937281.1865651445,91.66666666666666,1.6064310789696543,0.9243913236331718,FMNIST,1906652.1341148848,6.783704376220703,,KMeans++
Norm Based Sampling,7000,1940703.1564464048,88.33333333333333,1.7859063917460634,0.9147189776496276,FMNIST,1906652.1341148848,8.837915563583374,,KMeans++
Norm Based Sampling,10000,1932957.4759927697,83.33333333333334,1.3796613135251607,0.9250255456479828,FMNIST,1906652.1341148848,10.36447262763977,,KMeans++
Norm Based Sampling,20000,1928004.9941298256,66.66666666666666,1.1199137814855569,0.9312182205258978,FMNIST,1906652.1341148848,14.051547622680664,,KMeans++
Uniform Sampling,100,2179590.160709571,99.83333333333331,14.315040573533404,0.909433271110074,FMNIST,1906652.1341148848,1.094506359100342,,KMeans++
Uniform Sampling,500,1959500.23010843,99.16666666666669,2.7717744127498523,0.9424510824069288,FMNIST,1906652.1341148848,1.2544838428497314,,KMeans++
Uniform Sampling,1000,1949074.6788370265,98.33333333333331,2.2249755979653343,0.9417514454129792,FMNIST,1906652.1341148848,1.5652577877044678,,KMeans++
Uniform Sampling,2000,1932200.0346314723,96.66666666666669,1.3399350652104003,0.9406579068540032,FMNIST,1906652.1341148848,3.411701822280884,,KMeans++
Uniform Sampling,5000,1914822.0882406696,91.66666666666666,0.4284973634992677,0.9780145131307744,FMNIST,1906652.1341148848,10.41155939102173,,KMeans++
Uniform Sampling,7000,1914251.5869428844,88.33333333333333,0.3985757387006233,0.9770578918537532,FMNIST,1906652.1341148848,7.53595380783081,,KMeans++
Uniform Sampling,10000,1914029.2718645693,83.33333333333334,0.3869157680988913,0.9668097951632528,FMNIST,1906652.1341148848,9.171647214889528,,KMeans++
Uniform Sampling,20000,1910740.443950196,66.66666666666666,0.2144234788381287,0.9778927649905278,FMNIST,1906652.1341148848,27.72464542388916,,KMeans++
Uniform Sampling,100,59586487.809757136,99.0,29.143474554444527,0.9381488948894888,KDD,84094566.35795954,0.8457414150238037,,KMediods
Uniform Sampling,500,58609023.68283578,95.0,30.305813774746404,0.9419683448344834,KDD,84094566.35795954,1.4460368633270264,,KMedoids
Uniform Sampling,1000,70780678.27764055,90.0,15.832043206747365,0.9418817521752176,KDD,84094566.35795954,2.167944431304932,,KMedoids
Uniform Sampling,2000,80883442.46721523,80.0,3.8184677438917327,0.9624091569156916,KDD,84094566.35795954,3.783003807067871,,KMedoids
Uniform Sampling,5000,82172112.39911011,50.0,2.2860620395689457,0.9533280088008802,KDD,84094566.35795954,9.447439813613892,,KMedoids
Uniform Sampling,7000,93482340.22869876,30.0,11.163353683017917,0.9527660566056608,KDD,84094566.35795954,15.505973815917969,,KMedoids
Uniform Sampling,10000,99740637.50776792,0.0,18.605329484914428,0.9513336133613362,KDD,84094566.35795954,19.77832384109497,,KMedoids
Norm Based Sampling,100,64266209.65957229,99.0,29.874015789575065,0.912244500450045,KDD,91643932.5353789,0.5004335880279541,,KMedoids
Norm Based Sampling,500,58248338.14459622,95.0,36.4405951020166,0.9191894069406942,KDD,91643932.5353789,0.8787844181060791,,KMedoids
Norm Based Sampling,1000,67575789.51548809,90.0,26.262669392323783,0.9318587178717872,KDD,91643932.5353789,1.299047660827637,,KMedoids
Norm Based Sampling,2000,69647761.7328795,80.0,24.001775342855165,0.9363046184618462,KDD,91643932.5353789,2.2124508380889893,,KMedoids
Norm Based Sampling,5000,88452752.20791827,50.0,3.482151233775007,0.9544926172617264,KDD,91643932.5353789,4.699977016448974,,KMedoids
Norm Based Sampling,7000,80201862.11058989,30.0,12.485355121979111,0.9545700130013002,KDD,91643932.5353789,6.540688800811767,,KMedoids
Norm Based Sampling,10000,89415742.76388338,0.0,2.4313554753178384,0.9686986338633864,KDD,91643932.5353789,9.41299376487732,,KMedoids
Uniform Sampling,100,2818475.35021373,99.0,32.93556154793673,0.94258201820182,Synthetic,2120181.625890514,0.6609752178192139,,KMedoids
Uniform Sampling,500,2356944.6125554256,95.0,11.167108693599166,0.968410213021302,Synthetic,2120181.625890514,1.150209617614746,,KMedoids
Uniform Sampling,1000,2404951.208763213,90.0,13.431376793159911,0.9643592119211922,Synthetic,2120181.625890514,1.7399561405181885,,KMedoids
Uniform Sampling,1500,2310494.0043488904,85.0,8.976229967017185,0.9642769756975698,Synthetic,2120181.625890514,2.333882761001587,,KMedoids
Uniform Sampling,3500,2337107.0130563653,65.0,10.231453028215869,0.9649956915691568,Synthetic,2120181.625890514,4.797804450988769,,KMedoids
Uniform Sampling,5000,2172757.7220446025,50.0,2.4797920853599384,0.9679425462546254,Synthetic,2120181.625890514,6.4191583633422855,,KMedoids
Uniform Sampling,7000,2055249.988438238,30.0,3.0625507107205268,0.9681979837983798,Synthetic,2120181.625890514,8.733968782424927,,KMedoids
Uniform Sampling,10000,2239923.110251276,0.0,5.6476993715322825,0.9652329152915292,Synthetic,2120181.625890514,12.606362199783325,,KMedoids
Norm Based Sampling,100,2887759.0917780893,99.0,37.25819324795511,0.9239629202920292,Synthetic,2103888.316933759,0.6762094020843505,,KMedoids
Norm Based Sampling,500,2403946.611982732,95.0,14.26208286028618,0.949065378537854,Synthetic,2103888.316933759,1.1076790332794189,,KMedoids
Norm Based Sampling,1000,2273695.2259850004,90.0,8.071099006753396,0.956453197319732,Synthetic,2103888.316933759,1.6901708126068116,,KMedoids
Norm Based Sampling,1500,2213080.640524269,85.0,5.190024713367351,0.9620023682368236,Synthetic,2103888.316933759,2.233178806304932,,KMedoids
Norm Based Sampling,3500,2056329.1249773256,65.0,2.260537860952001,0.960498205820582,Synthetic,2103888.316933759,4.658646774291992,,KMedoids
Norm Based Sampling,5000,2351240.331427096,50.0,11.756898524624717,0.9564352835283528,Synthetic,2103888.316933759,6.423628807067871,,KMedoids
Norm Based Sampling,7000,2308320.691065497,30.0,9.716883376665225,0.9527173437343734,Synthetic,2103888.316933759,8.84620442390442,,KMedoids
Norm Based Sampling,10000,2222609.28895258,0.0,5.642931284101911,0.954493209320932,Synthetic,2103888.316933759,12.566387605667114,,KMedoids
Uniform Sampling,10,42011597.73,97.5,25.56713877250596,0.6265137844611529,Face,33457477.920328952,0.6113068103790283,,KMedoids
Uniform Sampling,20,39605114.25746031,95.0,18.37447625840327,0.7465639097744361,Face,33457477.920328952,1.7325527667999268,,KMedoids
Uniform Sampling,50,36721171.39908536,87.5,9.75475045228489,0.8054962406015038,Face,33457477.920328952,2.663344383239746,,KMedoids
Uniform Sampling,70,35546759.975940555,82.5,6.244589208387831,0.8410350877192982,Face,33457477.920328952,4.51623272895813,,KMedoids
Uniform Sampling,100,34372491.68952896,75.0,2.7348557813559435,0.8416040100250626,Face,33457477.920328952,5.969140768051148,,KMedoids
Norm Based Sampling,10,42477192.65519045,97.5,22.78821174060388,0.7070225563909774,Face,34593868.623907976,1.2623215675354005,,KMedoids
Norm Based Sampling,20,39712887.4352381,95.0,14.797474277833004,0.7110877192982457,Face,34593868.623907976,2.049678421020508,,KMedoids
Norm Based Sampling,50,36354188.94619204,87.5,5.0885327149201816,0.8038621553884712,Face,34593868.623907976,2.4688476085662843,,KMedoids
Norm Based Sampling,70,35547176.93852244,82.5,2.7557146758533726,0.8058295739348372,Face,34593868.623907976,3.9313120365142815,,KMedoids
Norm Based Sampling,100,34598747.41339902,75.0,0.0141030468262538,0.7946791979949875,Face,34593868.623907976,5.987773799896241,,KMedoids
Statistical Leverage Sampling,100,59951506.52809723,99.0,44.235020218543774,0.8804474807480748,KDD,107507447.79796936,0.8279047966003418,,KMedoids
Statistical Leverage Sampling,500,72260296.91169515,95.0,32.78577587713879,0.9156460326032604,KDD,107507447.79796936,3.825965166091919,,KMedoids
Statistical Leverage Sampling,1000,68466708.38825902,90.0,36.31445096071545,0.907417497749775,KDD,107507447.79796936,2.5004856109619142,,KMedoids
Statistical Leverage Sampling,1500,81936968.86185549,85.0,23.78484417578822,0.9352792679267926,KDD,107507447.79796936,2.054748964309693,,KMedoids
Statistical Leverage Sampling,3500,89684631.65367222,65.0,16.5782152858751,0.9495795059505948,KDD,107507447.79796936,4.393272781372071,,KMedoids
Statistical Leverage Sampling,5000,89761958.93679222,50.0,16.506287912745268,0.9564490809080908,KDD,107507447.79796936,7.612022829055786,,KMedoids
Statistical Leverage Sampling,7000,101664944.82342342,30.0,5.434509975090592,0.977465194519452,KDD,107507447.79796936,12.113064002990722,,KMedoids
Statistical Leverage Sampling,10000,88692869.33836749,0.0,17.500720968614843,0.9465001580158016,KDD,107507447.79796936,13.797018194198609,,KMedoids
Statistical Leverage Sampling,100,2741424.2681178115,99.0,19.661183192562,0.9428071447144716,Synthetic,2290988.769270514,1.6822498321533204,,KMedoids
Statistical Leverage Sampling,500,2495658.25305301,95.0,8.933674687880105,0.9572603780378036,Synthetic,2290988.769270514,3.6526701927185057,,KMedoids
Statistical Leverage Sampling,1000,2372862.861752891,90.0,3.573744820601928,0.9639610521052104,Synthetic,2290988.769270514,5.379212379455566,,KMedoids
Statistical Leverage Sampling,1500,2334417.9435617947,85.0,1.8956519941871683,0.9643099229922992,Synthetic,2290988.769270514,7.489664220809937,,KMedoids
Statistical Leverage Sampling,3500,2119174.59449115,65.0,7.499564252952326,0.9660819721972198,Synthetic,2290988.769270514,18.298666954040527,,KMedoids
Statistical Leverage Sampling,5000,2137529.2254589773,50.0,6.698397908794669,0.966489700970097,Synthetic,2290988.769270514,19.91514539718628,,KMedoids
Statistical Leverage Sampling,7000,2270085.612646053,30.0,0.9124076427103778,0.9615860866086609,Synthetic,2290988.769270514,29.023558187484745,,KMedoids
Statistical Leverage Sampling,10000,2122214.2271032254,0.0,7.36688649159241,0.9643088948894888,Synthetic,2290988.769270514,43.31531238555908,,KMedoids
Statistical Leverage Sampling,10,42049150.400000006,97.5,27.334476154977907,0.7328897243107768,Face,33022596.60519769,2.0364758014678954,,KMedoids
Statistical Leverage Sampling,20,39598044.71111111,95.0,19.911965689816324,0.708844611528822,Face,33022596.60519769,2.456633996963501,,KMedoids
Statistical Leverage Sampling,50,37162312.361063376,87.5,12.536009222285369,0.7726315789473684,Face,33022596.60519769,5.243470239639282,,KMedoids
Statistical Leverage Sampling,70,35564078.63217341,82.5,7.696190754956225,0.8301328320802005,Face,33022596.60519769,4.514884185791016,,KMedoids
Statistical Leverage Sampling,100,34835199.27610528,75.0,5.48897681359884,0.8299749373433583,Face,33022596.60519769,7.108712005615234,,KMedoids
Statistical Leverage Sampling (Weighted),100,7524676.879886119,99.0,655.7735835312803,0.994315903590359,Synthetic,995625.8122608336,0.3892178058624267,,KMeans++
Statistical Leverage Sampling (Weighted),500,1102387.741023624,95.0,10.723097718846727,1.0,Synthetic,995625.8122608336,0.3404778003692627,,KMeans++
Statistical Leverage Sampling (Weighted),1000,1042889.3970354628,90.0,4.747123285936588,1.0,Synthetic,995625.8122608336,0.6134908199310303,,KMeans++
Statistical Leverage Sampling (Weighted),1500,1024399.226443722,85.0,2.889982745380114,1.0,Synthetic,995625.8122608336,0.7077852249145508,,KMeans++
Statistical Leverage Sampling (Weighted),3500,1005160.6210684438,65.0,0.957669908733983,1.0,Synthetic,995625.8122608336,0.7284199714660644,,KMeans++
Statistical Leverage Sampling (Weighted),5000,1000707.9876329068,50.0,0.5104503428384283,1.0,Synthetic,995625.8122608336,0.925494146347046,,KMeans++
Statistical Leverage Sampling (Weighted),7000,997798.9403612677,30.0,0.2182675532989181,1.0,Synthetic,995625.8122608336,1.0044425964355468,,KMeans++
Statistical Leverage Sampling (Weighted),10000,995625.8122608332,0.0,1.1692678152104436e-14,1.0,Synthetic,995625.8122608336,1.7154818058013916,,KMeans++
Statistical Leverage Sampling (Weighted),10,2015902344.4,97.5,80.90596496926152,0.8076917293233083,Face,1114337133.5171454,0.3238739967346191,,KMeans++
Statistical Leverage Sampling (Weighted),20,1602933660.2133896,95.0,43.846382930281,0.808268170426065,Face,1114337133.5171454,0.3013956069946289,,KMeans++
Statistical Leverage Sampling (Weighted),50,1342239437.3126624,87.5,20.45182709439077,0.8390175438596492,Face,1114337133.5171454,0.286834192276001,,KMeans++
Statistical Leverage Sampling (Weighted),70,1264715928.4823694,82.5,13.49491015260242,0.8597142857142858,Face,1114337133.5171454,0.4356977462768555,,KMeans++
Statistical Leverage Sampling (Weighted),100,1225095804.7911804,75.0,9.939422096116552,0.8569573934837094,Face,1114337133.5171454,0.4120604038238525,,KMeans++
Statistical Leverage Sampling (Weighted),100,56748610.018091366,99.0,33.39781759770422,0.9315152755275526,KDD,85205331.07355839,0.5533693790435791,,KMedoids
Statistical Leverage Sampling (Weighted),500,69316945.10763472,95.0,18.6471735579633,0.938728596859686,KDD,85205331.07355839,0.866803789138794,,KMedoids
Statistical Leverage Sampling (Weighted),1000,66562799.382220745,90.0,21.87953671025984,0.9412722432243223,KDD,85205331.07355839,1.3194740295410157,,KMedoids
Statistical Leverage Sampling (Weighted),1500,92129136.20499156,85.0,8.126023388672461,0.9594557095709572,KDD,85205331.07355839,1.6750006198883056,,KMedoids
Statistical Leverage Sampling (Weighted),3500,73683587.45777008,65.0,13.522327148569502,0.9539494589458948,KDD,85205331.07355839,3.5125996112823485,,KMedoids
Statistical Leverage Sampling (Weighted),5000,93300060.91047384,50.0,9.500262172477475,0.9524333473347336,KDD,85205331.07355839,4.872869777679443,,KMedoids
Statistical Leverage Sampling (Weighted),7000,80558249.1496551,30.0,5.453980244371596,0.9739345134513452,KDD,85205331.07355839,6.452917432785034,,KMedoids
Statistical Leverage Sampling (Weighted),10000,97754872.460034,0.0,14.728587082939107,0.9601383578357836,KDD,85205331.07355839,9.12853422164917,,KMedoids
Statistical Leverage Sampling (Weighted),100,59692234.7805552,99.0,37.509389620674376,0.9165697129712972,Synthetic,95521926.28335053,0.548857593536377,,KMedoids
Statistical Leverage Sampling (Weighted),500,54544813.39998107,95.0,42.89812242878917,0.9215639683968396,Synthetic,95521926.28335053,0.9248544216156006,,KMedoids
Statistical Leverage Sampling (Weighted),1000,68587118.53382234,90.0,28.19751317580256,0.940814801480148,Synthetic,95521926.28335053,1.6689078330993652,,KMedoids
Statistical Leverage Sampling (Weighted),1500,78051938.544386,85.0,18.28898182721168,0.9542155895589556,Synthetic,95521926.28335053,2.475626564025879,,KMedoids
Statistical Leverage Sampling (Weighted),3500,85865158.35032721,65.0,10.10947780133542,0.9603712811281128,Synthetic,95521926.28335053,4.648172807693482,,KMedoids
Statistical Leverage Sampling (Weighted),5000,81265083.31756346,50.0,14.925204631548583,0.938752707270727,Synthetic,95521926.28335053,6.8089799880981445,,KMedoids
Statistical Leverage Sampling (Weighted),7000,85395943.3308191,30.0,10.600689649509688,0.9734220942094208,Synthetic,95521926.28335053,10.183051586151125,,KMedoids
Statistical Leverage Sampling (Weighted),10000,97100976.68260512,0.0,1.6530763780564943,0.9603882788278828,Synthetic,95521926.28335053,14.069887256622314,,KMedoids
Statistical Leverage Sampling (Weighted),10,43224477.46666667,97.5,32.01543069537164,0.6421629072681704,Face,32741988.75009396,0.534778356552124,,KMedoids
Statistical Leverage Sampling (Weighted),20,39021666.44079365,95.0,19.17927997175085,0.7753784461152883,Face,32741988.75009396,1.1163390636444093,,KMedoids
Statistical Leverage Sampling (Weighted),50,37174161.45270617,87.5,13.536663079451747,0.7984912280701755,Face,32741988.75009396,1.990077829360962,,KMedoids
Statistical Leverage Sampling (Weighted),70,35586808.71481957,82.5,8.688598565099227,0.8378120300751879,Face,32741988.75009396,1.4637415885925291,,KMedoids
Statistical Leverage Sampling (Weighted),100,34653943.537554204,75.0,5.839458323846496,0.8287694235588973,Face,32741988.75009396,1.584547996520996,,KMedoids
Statistical Leverage Sampling (Weighted),100,69342134281.42513,99.0,239.64786992277772,0.97782300230023,KDD,20415889638.05094,0.1184245586395263,,KMeans++
Statistical Leverage Sampling (Weighted),500,50375966559.71203,95.0,146.7488189484615,0.982948394839484,KDD,20415889638.05094,0.1538524150848388,,KMeans++
Statistical Leverage Sampling (Weighted),1000,49142097926.63805,90.0,140.70515073243476,0.9831135713571356,KDD,20415889638.05094,0.1924134254455566,,KMeans++
Statistical Leverage Sampling (Weighted),1500,34319510766.58992,85.0,68.10196065434022,0.9843006380638062,KDD,20415889638.05094,0.2330336093902588,,KMeans++
Statistical Leverage Sampling (Weighted),3500,27485135116.32301,65.0,34.62619363447418,0.9855313331333132,KDD,20415889638.05094,0.5639334201812745,,KMeans++
Statistical Leverage Sampling (Weighted),5000,26203524944.842667,50.0,28.348680412166733,0.9870019041904192,KDD,20415889638.05094,0.5317571640014649,,KMeans++
Statistical Leverage Sampling (Weighted),7000,25934888565.500378,30.0,27.032860312700645,0.9878903970397038,KDD,20415889638.05094,0.720273208618164,,KMeans++
Statistical Leverage Sampling (Weighted),10000,20364828454.414967,0.0,0.2501051119555796,0.9895150395039504,KDD,20415889638.05094,0.9081630229949952,,KMeans++
